https://people.scs.carleton.ca/~avamckenney/tinyfruits/N-3.html,https://people.scs.carleton.ca/~avamckenney/tinyfruits/N-4.html,https://people.scs.carleton.ca/~avamckenney/tinyfruits/N-5.html,https://people.scs.carleton.ca/~avamckenney/tinyfruits/N-6.html,https://people.scs.carleton.ca/~avamckenney/tinyfruits/N-8.html,https://people.scs.carleton.ca/~avamckenney/tinyfruits/N-1.html,https://people.scs.carleton.ca/~avamckenney/tinyfruits/N-2.html,https://people.scs.carleton.ca/~avamckenney/tinyfruits/N-7.html
https://people.scs.carleton.ca/~avamckenney/tinyfruits/N-0.html,https://people.scs.carleton.ca/~avamckenney/tinyfruits/N-4.html
https://people.scs.carleton.ca/~avamckenney/tinyfruits/N-0.html,https://people.scs.carleton.ca/~avamckenney/tinyfruits/N-3.html,https://people.scs.carleton.ca/~avamckenney/tinyfruits/N-7.html
https://people.scs.carleton.ca/~avamckenney/tinyfruits/N-0.html
https://people.scs.carleton.ca/~avamckenney/tinyfruits/N-0.html
https://people.scs.carleton.ca/~avamckenney/tinyfruits/N-0.html,https://people.scs.carleton.ca/~avamckenney/tinyfruits/N-7.html,https://people.scs.carleton.ca/~avamckenney/tinyfruits/N-9.html
https://people.scs.carleton.ca/~avamckenney/tinyfruits/N-0.html
https://people.scs.carleton.ca/~avamckenney/tinyfruits/N-0.html
https://people.scs.carleton.ca/~avamckenney/tinyfruits/N-0.html,https://people.scs.carleton.ca/~avamckenney/tinyfruits/N-4.html,https://people.scs.carleton.ca/~avamckenney/tinyfruits/N-8.html
https://people.scs.carleton.ca/~avamckenney/tinyfruits/N-8.html
